{
  "users": [
    {
      "nome": "Debbie Rodriguez",
      "cpf": "06663402692",
      "profissao": "Professor(a) de História",
      "dataDeNascimento": "2003-04-08T01:59:25.036Z",
      "estadoCivil": "Solteiro(a)",
      "uf": "SP",
      "cidade": "São Paulo",
      "id": "1"
    },
    {
      "nome": "Christie Wests",
      "cpf": "45482639002",
      "profissao": "Desenvolvedor(a) backend",
      "dataDeNascimento": "1960-10-24T15:21:23.475Z",
      "estadoCivil": "Viúvo(a)",
      "uf": "SP",
      "cidade": "Espírito Santo do Pinhal",
      "id": "2"
    },
    {
      "nome": "Tyler Schultz Sr.",
      "cpf": "03986718699",
      "profissao": "Arquiteto(a)",
      "dataDeNascimento": "1964-05-11T19:53:32.715Z",
      "estadoCivil": "Solteiro(a)",
      "uf": "RJ",
      "cidade": "Rio de Janeiro",
      "id": "3"
    },
    {
      "nome": "Ms. Hugo Zieme",
      "cpf": "78667300403",
      "profissao": "Atleta",
      "dataDeNascimento": "1993-11-30T02:47:42.235Z",
      "estadoCivil": "Solteiro(a)",
      "uf": "RJ",
      "cidade": "Angra dos Reis",
      "id": "4"
    },
    {
      "nome": "Vincent Gottlieb",
      "cpf": "18617958901",
      "profissao": "Jogador(a) de Futebol",
      "dataDeNascimento": "1976-12-05T02:35:29.576Z",
      "estadoCivil": "Casado(a)",
      "uf": "RJ",
      "cidade": "Niterói",
      "id": "5"
    },
    {
      "nome": "Josephine Skiles",
      "cpf": "89385683004",
      "profissao": "Engenheiro(a)",
      "dataDeNascimento": "1951-07-29T08:48:08.555Z",
      "estadoCivil": "Casado(a)",
      "uf": "SP",
      "cidade": "São Paulo",
      "id": "6"
    },
    {
      "nome": "Miss Jenna Schuster",
      "cpf": "73887559185",
      "profissao": "Cientista",
      "dataDeNascimento": "1951-09-27T04:20:06.771Z",
      "estadoCivil": "Solteiro(a)",
      "uf": "SP",
      "cidade": "Campinas",
      "id": "8"
    }
  ]
}